video,status,angle_deg
videos/target_000.mp4,target,0
videos/target_020.mp4,target,20
videos/target_040.mp4,target,40
videos/target_060.mp4,target,60
videos/target_080.mp4,target,80
videos/target_100.mp4,target,100
videos/target_120.mp4,target,120
videos/target_140.mp4,target,140
videos/target_160.mp4,target,160
videos/target_180.mp4,target,180
videos/target_200.mp4,target,200
videos/target_220.mp4,target,220
videos/target_240.mp4,target,240
videos/target_260.mp4,target,260
videos/target_280.mp4,target,280
videos/target_300.mp4,target,300
videos/target_320.mp4,target,320
videos/target_340.mp4,target,340
videos/wrong_01.mp4,wrong,
videos/wrong_02.mp4,wrong,
videos/empty_01.mp4,none,
videos/empty_02.mp4,none,
